{"cameraMode":{"drawMode":0,"name":"Shaded","section":"Shading Mode"},"sceneLighting":true,"audioPlay":false,"sceneViewState":{"showFog":true,"showMaterialUpdate":false,"showSkybox":true,"showFlares":true,"showImageEffects":true,"showParticleSystems":true},"in2DMode":false,"pivot":{"x":-1.7886618375778199,"y":-1.8590869903564454,"z":0.5132205486297607},"rotation":{"x":0.03136564791202545,"y":-0.9678971767425537,"z":0.15609745681285859,"w":0.19448646903038026},"size":21.683794021606447,"orthographic":true}