{"cameraMode":{"drawMode":0,"name":"Shaded","section":"Shading Mode"},"sceneLighting":true,"audioPlay":false,"sceneViewState":{"showFog":true,"showMaterialUpdate":false,"showSkybox":true,"showFlares":true,"showImageEffects":true,"showParticleSystems":true},"in2DMode":false,"pivot":{"x":-20.480083465576173,"y":-1.7183551788330079,"z":77.01017761230469},"rotation":{"x":-0.14191508293151856,"y":0.8171660304069519,"z":-0.22720515727996827,"w":-0.5103814601898193},"size":15.389254570007325,"orthographic":false}